item_id,category
I0,Sports
I1,Music
I2,Gaming
I3,Sports
I4,Gaming
I5,Food
I6,Music
I7,Education
I8,Movies
I9,Fashion
I10,Movies
I11,Movies
I12,Sports
I13,Music
I14,Gaming
I15,Fashion
I16,Sports
I17,Fashion
I18,Education
I19,Food
I20,Music
I21,Sports
I22,Movies
I23,Technology
I24,Sports
I25,Technology
I26,Movies
I27,Food
I28,Music
I29,Gaming
I30,Sports
I31,Movies
I32,Sports
I33,Education
I34,Food
I35,Education
I36,Fashion
I37,Music
I38,Fashion
I39,Sports
I40,Music
I41,Food
I42,Food
I43,Movies
I44,Sports
I45,Fashion
I46,Education
I47,Gaming
I48,Technology
I49,Gaming
I50,Fashion
I51,Fashion
I52,Food
I53,Gaming
I54,Food
I55,Food
I56,Education
I57,Music
I58,Technology
I59,Gaming
I60,Music
I61,Movies
I62,Gaming
I63,Music
I64,Food
I65,Fashion
I66,Education
I67,Technology
I68,Music
I69,Fashion
I70,Gaming
I71,Music
I72,Sports
I73,Fashion
I74,Movies
I75,Fashion
I76,Technology
I77,Movies
I78,Education
I79,Technology
I80,Gaming
I81,Movies
I82,Music
I83,Sports
I84,Technology
I85,Sports
I86,Gaming
I87,Gaming
I88,Education
I89,Gaming
I90,Fashion
I91,Fashion
I92,Education
I93,Fashion
I94,Music
I95,Food
I96,Sports
I97,Sports
I98,Music
I99,Food
I100,Movies
I101,Education
I102,Education
I103,Gaming
I104,Sports
I105,Sports
I106,Gaming
I107,Movies
I108,Technology
I109,Sports
I110,Sports
I111,Technology
I112,Gaming
I113,Technology
I114,Sports
I115,Gaming
I116,Technology
I117,Movies
I118,Gaming
I119,Sports
I120,Music
I121,Education
I122,Sports
I123,Fashion
I124,Education
I125,Sports
I126,Education
I127,Food
I128,Sports
I129,Gaming
I130,Gaming
I131,Food
I132,Movies
I133,Food
I134,Food
I135,Education
I136,Technology
I137,Gaming
I138,Technology
I139,Food
I140,Movies
I141,Gaming
I142,Sports
I143,Sports
I144,Sports
I145,Education
I146,Fashion
I147,Food
I148,Fashion
I149,Music
I150,Education
I151,Sports
I152,Gaming
I153,Education
I154,Gaming
I155,Technology
I156,Technology
I157,Gaming
I158,Sports
I159,Fashion
I160,Food
I161,Education
I162,Education
I163,Sports
I164,Food
I165,Technology
I166,Fashion
I167,Food
I168,Technology
I169,Food
I170,Music
I171,Education
I172,Music
I173,Food
I174,Education
I175,Fashion
I176,Sports
I177,Music
I178,Sports
I179,Technology
I180,Technology
I181,Movies
I182,Technology
I183,Technology
I184,Education
I185,Fashion
I186,Technology
I187,Gaming
I188,Fashion
I189,Gaming
I190,Gaming
I191,Sports
I192,Food
I193,Gaming
I194,Sports
I195,Technology
I196,Gaming
I197,Food
I198,Movies
I199,Music
I200,Sports
I201,Movies
I202,Sports
I203,Music
I204,Food
I205,Fashion
I206,Music
I207,Education
I208,Movies
I209,Gaming
I210,Technology
I211,Education
I212,Gaming
I213,Gaming
I214,Sports
I215,Music
I216,Fashion
I217,Movies
I218,Gaming
I219,Sports
I220,Movies
I221,Music
I222,Fashion
I223,Education
I224,Music
I225,Technology
I226,Music
I227,Gaming
I228,Fashion
I229,Music
I230,Gaming
I231,Gaming
I232,Fashion
I233,Music
I234,Music
I235,Sports
I236,Movies
I237,Sports
I238,Music
I239,Education
I240,Music
I241,Technology
I242,Gaming
I243,Food
I244,Music
I245,Technology
I246,Technology
I247,Movies
I248,Fashion
I249,Music
I250,Fashion
I251,Education
I252,Food
I253,Technology
I254,Gaming
I255,Gaming
I256,Fashion
I257,Technology
I258,Movies
I259,Fashion
I260,Food
I261,Fashion
I262,Technology
I263,Music
I264,Movies
I265,Technology
I266,Movies
I267,Sports
I268,Sports
I269,Gaming
I270,Movies
I271,Food
I272,Fashion
I273,Sports
I274,Fashion
I275,Fashion
I276,Food
I277,Technology
I278,Fashion
I279,Movies
I280,Food
I281,Sports
I282,Music
I283,Fashion
I284,Gaming
I285,Food
I286,Technology
I287,Education
I288,Sports
I289,Sports
I290,Education
I291,Movies
I292,Music
I293,Sports
I294,Sports
I295,Technology
I296,Sports
I297,Food
I298,Movies
I299,Music
I300,Gaming
I301,Music
I302,Movies
I303,Food
I304,Movies
I305,Technology
I306,Gaming
I307,Music
I308,Fashion
I309,Music
I310,Technology
I311,Gaming
I312,Food
I313,Movies
I314,Movies
I315,Food
I316,Gaming
I317,Food
I318,Sports
I319,Music
I320,Technology
I321,Food
I322,Technology
I323,Sports
I324,Movies
I325,Food
I326,Gaming
I327,Movies
I328,Movies
I329,Gaming
I330,Music
I331,Music
I332,Food
I333,Movies
I334,Food
I335,Music
I336,Fashion
I337,Sports
I338,Food
I339,Food
I340,Fashion
I341,Music
I342,Food
I343,Technology
I344,Music
I345,Music
I346,Sports
I347,Food
I348,Movies
I349,Education
I350,Education
I351,Education
I352,Sports
I353,Education
I354,Fashion
I355,Gaming
I356,Music
I357,Movies
I358,Gaming
I359,Sports
I360,Music
I361,Sports
I362,Sports
I363,Fashion
I364,Technology
I365,Technology
I366,Sports
I367,Education
I368,Gaming
I369,Education
I370,Food
I371,Sports
I372,Food
I373,Education
I374,Food
I375,Sports
I376,Fashion
I377,Technology
I378,Gaming
I379,Food
I380,Sports
I381,Fashion
I382,Education
I383,Technology
I384,Sports
I385,Gaming
I386,Education
I387,Fashion
I388,Education
I389,Movies
I390,Education
I391,Food
I392,Education
I393,Fashion
I394,Education
I395,Education
I396,Music
I397,Sports
I398,Music
I399,Education
I400,Sports
I401,Music
I402,Education
I403,Gaming
I404,Music
I405,Sports
I406,Music
I407,Movies
I408,Movies
I409,Gaming
I410,Fashion
I411,Fashion
I412,Sports
I413,Food
I414,Fashion
I415,Sports
I416,Gaming
I417,Food
I418,Food
I419,Movies
I420,Education
I421,Food
I422,Technology
I423,Sports
I424,Food
I425,Food
I426,Technology
I427,Food
I428,Education
I429,Technology
I430,Movies
I431,Music
I432,Food
I433,Food
I434,Sports
I435,Education
I436,Sports
I437,Music
I438,Food
I439,Education
I440,Technology
I441,Food
I442,Movies
I443,Food
I444,Fashion
I445,Education
I446,Fashion
I447,Technology
I448,Food
I449,Technology
I450,Gaming
I451,Food
I452,Fashion
I453,Education
I454,Fashion
I455,Technology
I456,Music
I457,Food
I458,Movies
I459,Sports
I460,Education
I461,Movies
I462,Movies
I463,Food
I464,Music
I465,Food
I466,Music
I467,Gaming
I468,Education
I469,Technology
I470,Technology
I471,Movies
I472,Sports
I473,Gaming
I474,Technology
I475,Technology
I476,Sports
I477,Sports
I478,Technology
I479,Fashion
I480,Sports
I481,Fashion
I482,Education
I483,Gaming
I484,Sports
I485,Education
I486,Music
I487,Movies
I488,Fashion
I489,Gaming
I490,Fashion
I491,Music
I492,Gaming
I493,Technology
I494,Music
I495,Food
I496,Food
I497,Sports
I498,Gaming
I499,Sports
