item_id,rating_count,average_rating,rating_std,five_star_count,one_star_count,five_star_ratio,concentration_score,max_ratings_in_5min,velocity_score,suspicious_user_ratings,campaign_score,manipulation_score,rating_risk
I0,7,3.7142857142857144,1.4960264830861911,3,1,0.42857142857142855,42.857142857142854,1,10.0,0.0,0.0,20.142857142857142,LOW RISK
I1,18,3.611111111111111,1.1447521637192346,4,1,0.2222222222222222,22.22222222222222,1,10.0,0.0,0.0,11.88888888888889,LOW RISK
I10,8,2.5,1.6035674514745466,1,3,0.125,12.5,1,10.0,0.0,0.0,8.0,LOW RISK
I100,21,3.619047619047619,1.716863141784763,11,5,0.5238095238095238,52.38095238095239,5,50.0,8.0,100.0,65.95238095238096,MEDIUM RISK
I101,12,2.25,1.0552897060221726,0,3,0.0,0.0,1,10.0,0.0,0.0,3.0,LOW RISK
I102,7,3.4285714285714284,1.8126539343499315,3,2,0.42857142857142855,42.857142857142854,1,10.0,0.0,0.0,20.142857142857142,LOW RISK
I103,9,3.4444444444444446,1.3333333333333335,2,1,0.2222222222222222,22.22222222222222,1,10.0,0.0,0.0,11.88888888888889,LOW RISK
I104,13,2.769230769230769,1.2351684199496948,2,2,0.15384615384615385,15.384615384615385,1,10.0,0.0,0.0,9.153846153846153,LOW RISK
I105,8,2.75,1.6690459207925603,2,2,0.25,25.0,1,10.0,0.0,0.0,13.0,LOW RISK
I106,18,2.388888888888889,1.1950332945836273,1,4,0.05555555555555555,5.555555555555555,1,10.0,0.0,0.0,5.222222222222222,LOW RISK
I107,12,3.3333333333333335,1.3706888336846839,3,1,0.25,25.0,1,10.0,0.0,0.0,13.0,LOW RISK
I108,10,3.1,1.5951314818673865,3,2,0.3,30.0,1,10.0,0.0,0.0,15.0,LOW RISK
I109,7,3.5714285714285716,1.3972762620115435,3,0,0.42857142857142855,42.857142857142854,1,10.0,0.0,0.0,20.142857142857142,LOW RISK
I11,7,3.142857142857143,1.4638501094227998,1,1,0.14285714285714285,14.285714285714285,1,10.0,0.0,0.0,8.714285714285715,LOW RISK
I110,7,2.4285714285714284,0.9759000729485331,0,1,0.0,0.0,1,10.0,0.0,0.0,3.0,LOW RISK
I111,12,2.9166666666666665,1.6764862244009227,3,4,0.25,25.0,1,10.0,0.0,0.0,13.0,LOW RISK
I112,11,3.272727272727273,1.2720777563426766,1,2,0.09090909090909091,9.090909090909092,1,10.0,0.0,0.0,6.636363636363637,LOW RISK
I113,10,2.8,1.4757295747452437,2,2,0.2,20.0,1,10.0,0.0,0.0,11.0,LOW RISK
I114,14,2.7857142857142856,1.7177163475234933,4,5,0.2857142857142857,28.57142857142857,1,10.0,0.0,0.0,14.428571428571429,LOW RISK
I115,9,2.7777777777777777,1.092906420717,1,1,0.1111111111111111,11.11111111111111,1,10.0,0.0,0.0,7.444444444444445,LOW RISK
I116,5,3.0,1.5811388300841898,1,1,0.2,20.0,1,10.0,0.0,0.0,11.0,LOW RISK
I117,9,3.111111111111111,1.6914819275153699,2,3,0.2222222222222222,22.22222222222222,1,10.0,0.0,0.0,11.88888888888889,LOW RISK
I118,11,2.727272727272727,1.7372915179041823,3,4,0.2727272727272727,27.27272727272727,1,10.0,0.0,0.0,13.909090909090908,LOW RISK
I119,8,2.75,1.5811388300841898,2,2,0.25,25.0,1,10.0,0.0,0.0,13.0,LOW RISK
I12,8,3.5,1.7728105208558367,4,2,0.5,50.0,1,10.0,0.0,0.0,23.0,LOW RISK
I120,11,3.1818181818181817,0.873862897505303,0,0,0.0,0.0,1,10.0,0.0,0.0,3.0,LOW RISK
I121,5,2.2,1.7888543819998317,1,3,0.2,20.0,1,10.0,0.0,0.0,11.0,LOW RISK
I122,11,3.1818181818181817,1.4012980994907414,2,2,0.18181818181818182,18.181818181818183,1,10.0,0.0,0.0,10.272727272727273,LOW RISK
I123,11,2.8181818181818183,1.4709304414677,2,2,0.18181818181818182,18.181818181818183,1,10.0,0.0,0.0,10.272727272727273,LOW RISK
I124,10,2.9,1.523883926754995,1,3,0.1,10.0,1,10.0,0.0,0.0,7.0,LOW RISK
I125,9,2.3333333333333335,1.3228756555322954,0,4,0.0,0.0,1,10.0,0.0,0.0,3.0,LOW RISK
I126,8,2.5,1.5118578920369088,1,3,0.125,12.5,1,10.0,0.0,0.0,8.0,LOW RISK
I127,10,3.4,1.577621275493231,4,1,0.4,40.0,1,10.0,0.0,0.0,19.0,LOW RISK
I128,6,3.1666666666666665,1.7224014243685086,1,2,0.16666666666666666,16.666666666666664,1,10.0,0.0,0.0,9.666666666666666,LOW RISK
I129,5,2.8,1.7888543819998317,1,2,0.2,20.0,1,10.0,0.0,0.0,11.0,LOW RISK
I13,11,2.6363636363636362,1.5015143870590966,2,3,0.18181818181818182,18.181818181818183,1,10.0,0.0,0.0,10.272727272727273,LOW RISK
I130,11,3.1818181818181817,1.2504544628399563,2,1,0.18181818181818182,18.181818181818183,1,10.0,0.0,0.0,10.272727272727273,LOW RISK
I131,5,3.4,1.6733200530681511,2,1,0.4,40.0,1,10.0,0.0,0.0,19.0,LOW RISK
I132,9,3.2222222222222223,0.9718253158075502,0,0,0.0,0.0,1,10.0,0.0,0.0,3.0,LOW RISK
I133,7,3.5714285714285716,1.618347187425374,3,1,0.42857142857142855,42.857142857142854,1,10.0,0.0,0.0,20.142857142857142,LOW RISK
I134,10,3.1,1.5238839267549946,2,2,0.2,20.0,1,10.0,0.0,0.0,11.0,LOW RISK
I135,10,2.2,1.3165611772087666,1,4,0.1,10.0,1,10.0,0.0,0.0,7.0,LOW RISK
I136,5,2.2,1.6431676725154984,0,3,0.0,0.0,1,10.0,0.0,0.0,3.0,LOW RISK
I137,11,3.3636363636363638,1.5666989036012806,4,2,0.36363636363636365,36.36363636363637,1,10.0,0.0,0.0,17.545454545454547,LOW RISK
I138,5,3.0,0.7071067811865476,0,0,0.0,0.0,1,10.0,0.0,0.0,3.0,LOW RISK
I139,9,4.111111111111111,1.0540925533894598,4,0,0.4444444444444444,44.44444444444444,1,10.0,0.0,0.0,20.77777777777778,LOW RISK
I14,5,2.8,1.6431676725154982,1,1,0.2,20.0,1,10.0,0.0,0.0,11.0,LOW RISK
I140,7,2.4285714285714284,1.3972762620115438,1,2,0.14285714285714285,14.285714285714285,1,10.0,0.0,0.0,8.714285714285715,LOW RISK
I141,9,3.6666666666666665,1.6583123951777,4,2,0.4444444444444444,44.44444444444444,1,10.0,0.0,0.0,20.77777777777778,LOW RISK
I142,14,3.357142857142857,1.3363062095621216,4,1,0.2857142857142857,28.57142857142857,1,10.0,0.0,0.0,14.428571428571429,LOW RISK
I143,13,3.1538461538461537,1.344504484072964,3,1,0.23076923076923078,23.076923076923077,1,10.0,0.0,0.0,12.230769230769232,LOW RISK
I144,5,2.6,1.816590212458495,1,2,0.2,20.0,1,10.0,0.0,0.0,11.0,LOW RISK
I145,14,3.142857142857143,1.65748386032949,5,3,0.35714285714285715,35.714285714285715,1,10.0,0.0,0.0,17.285714285714285,LOW RISK
I146,12,3.4166666666666665,1.378954368902449,4,1,0.3333333333333333,33.33333333333333,1,10.0,0.0,0.0,16.333333333333332,LOW RISK
I147,16,3.0625,1.6111590031195968,5,4,0.3125,31.25,1,10.0,0.0,0.0,15.5,LOW RISK
I148,11,2.8181818181818183,1.5374122295716146,2,3,0.18181818181818182,18.181818181818183,1,10.0,0.0,0.0,10.272727272727273,LOW RISK
I149,11,3.4545454545454546,1.4396969378057567,4,1,0.36363636363636365,36.36363636363637,1,10.0,0.0,0.0,17.545454545454547,LOW RISK
I15,13,2.6153846153846154,1.5021352323976216,2,5,0.15384615384615385,15.384615384615385,1,10.0,0.0,0.0,9.153846153846153,LOW RISK
I150,10,2.3,1.2516655570345725,0,3,0.0,0.0,1,10.0,1.0,12.5,6.75,LOW RISK
I151,10,2.6,1.3498971154211057,1,3,0.1,10.0,1,10.0,0.0,0.0,7.0,LOW RISK
I152,16,2.9375,1.3889444433333777,2,3,0.125,12.5,1,10.0,0.0,0.0,8.0,LOW RISK
I153,15,2.7333333333333334,1.869555587629877,5,7,0.3333333333333333,33.33333333333333,1,10.0,0.0,0.0,16.333333333333332,LOW RISK
I154,10,2.6,1.577621275493231,2,3,0.2,20.0,1,10.0,0.0,0.0,11.0,LOW RISK
I155,11,3.1818181818181817,1.2504544628399563,1,2,0.09090909090909091,9.090909090909092,1,10.0,0.0,0.0,6.636363636363637,LOW RISK
I156,13,3.230769230769231,1.3008872711759816,2,1,0.15384615384615385,15.384615384615385,1,10.0,0.0,0.0,9.153846153846153,LOW RISK
I157,5,3.8,1.0954451150103324,1,0,0.2,20.0,1,10.0,0.0,0.0,11.0,LOW RISK
I158,10,3.7,1.5670212364724212,5,1,0.5,50.0,1,10.0,0.0,0.0,23.0,LOW RISK
I159,11,3.0,1.4142135623730951,3,1,0.2727272727272727,27.27272727272727,1,10.0,0.0,0.0,13.909090909090908,LOW RISK
I16,14,2.7142857142857144,1.3259870882635918,2,3,0.14285714285714285,14.285714285714285,1,10.0,0.0,0.0,8.714285714285715,LOW RISK
I160,16,2.625,1.3601470508735445,2,4,0.125,12.5,1,10.0,0.0,0.0,8.0,LOW RISK
I161,10,2.5,1.35400640077266,1,3,0.1,10.0,1,10.0,0.0,0.0,7.0,LOW RISK
I162,10,2.9,1.449137674618944,1,2,0.1,10.0,1,10.0,0.0,0.0,7.0,LOW RISK
I163,13,3.076923076923077,1.1875421719907089,2,1,0.15384615384615385,15.384615384615385,1,10.0,0.0,0.0,9.153846153846153,LOW RISK
I164,9,3.3333333333333335,1.3228756555322951,2,1,0.2222222222222222,22.22222222222222,1,10.0,1.0,12.5,15.63888888888889,LOW RISK
I165,8,2.0,1.1952286093343936,0,4,0.0,0.0,1,10.0,0.0,0.0,3.0,LOW RISK
I166,8,2.125,1.3562026818605375,1,3,0.125,12.5,1,10.0,1.0,12.5,11.75,LOW RISK
I167,15,3.2666666666666666,1.3870146083619754,4,1,0.26666666666666666,26.666666666666668,1,10.0,0.0,0.0,13.666666666666668,LOW RISK
I168,9,2.6666666666666665,1.6583123951777001,2,3,0.2222222222222222,22.22222222222222,1,10.0,0.0,0.0,11.88888888888889,LOW RISK
I169,5,1.8,1.3038404810405297,0,3,0.0,0.0,1,10.0,0.0,0.0,3.0,LOW RISK
I17,7,4.142857142857143,1.4638501094227998,4,1,0.5714285714285714,57.14285714285714,1,10.0,0.0,0.0,25.857142857142858,LOW RISK
I170,9,2.7777777777777777,0.9718253158075502,1,0,0.1111111111111111,11.11111111111111,1,10.0,0.0,0.0,7.444444444444445,LOW RISK
I171,10,3.3,1.4181364924121764,3,1,0.3,30.0,1,10.0,0.0,0.0,15.0,LOW RISK
I172,9,3.2222222222222223,1.6414763002993509,3,2,0.3333333333333333,33.33333333333333,1,10.0,0.0,0.0,16.333333333333332,LOW RISK
I173,9,2.4444444444444446,1.4240006242195884,1,3,0.1111111111111111,11.11111111111111,1,10.0,0.0,0.0,7.444444444444445,LOW RISK
I174,9,2.5555555555555554,1.3333333333333333,0,3,0.0,0.0,1,10.0,0.0,0.0,3.0,LOW RISK
I175,8,3.125,1.246423454758225,1,1,0.125,12.5,1,10.0,0.0,0.0,8.0,LOW RISK
I176,12,3.0,1.348399724926484,1,2,0.08333333333333333,8.333333333333332,1,10.0,0.0,0.0,6.333333333333333,LOW RISK
I177,9,3.5555555555555554,1.509230856356236,4,1,0.4444444444444444,44.44444444444444,1,10.0,0.0,0.0,20.77777777777778,LOW RISK
I178,10,3.8,1.0327955589886444,3,0,0.3,30.0,1,10.0,0.0,0.0,15.0,LOW RISK
I179,9,2.5555555555555554,1.740051084818425,2,4,0.2222222222222222,22.22222222222222,1,10.0,0.0,0.0,11.88888888888889,LOW RISK
I18,6,3.0,1.4142135623730951,1,1,0.16666666666666666,16.666666666666664,1,10.0,0.0,0.0,9.666666666666666,LOW RISK
I180,9,4.111111111111111,1.2692955176439846,5,0,0.5555555555555556,55.55555555555556,1,10.0,1.0,12.5,28.972222222222225,LOW RISK
I181,11,4.090909090909091,1.3751033019046572,6,1,0.5454545454545454,54.54545454545454,1,10.0,0.0,0.0,24.818181818181817,LOW RISK
I182,12,3.3333333333333335,1.3026778945578592,3,1,0.25,25.0,1,10.0,0.0,0.0,13.0,LOW RISK
I183,6,3.6666666666666665,1.0327955589886444,1,0,0.16666666666666666,16.666666666666664,1,10.0,0.0,0.0,9.666666666666666,LOW RISK
I184,3,2.6666666666666665,1.1547005383792515,0,0,0.0,0.0,1,10.0,0.0,0.0,3.0,LOW RISK
I185,11,3.727272727272727,1.1908743922772957,3,1,0.2727272727272727,27.27272727272727,1,10.0,0.0,0.0,13.909090909090908,LOW RISK
I186,10,2.7,1.8287822299126937,3,4,0.3,30.0,1,10.0,0.0,0.0,15.0,LOW RISK
I187,5,3.2,1.3038404810405297,1,0,0.2,20.0,1,10.0,0.0,0.0,11.0,LOW RISK
I188,5,3.0,1.4142135623730951,1,1,0.2,20.0,1,10.0,0.0,0.0,11.0,LOW RISK
I189,8,3.25,1.5811388300841898,2,2,0.25,25.0,1,10.0,0.0,0.0,13.0,LOW RISK
I19,11,3.6363636363636362,1.2862913567871996,3,1,0.2727272727272727,27.27272727272727,1,10.0,0.0,0.0,13.909090909090908,LOW RISK
I190,11,3.0,1.5491933384829668,3,2,0.2727272727272727,27.27272727272727,1,10.0,1.0,12.5,17.659090909090907,LOW RISK
I191,4,2.75,1.707825127659933,1,1,0.25,25.0,1,10.0,0.0,0.0,13.0,LOW RISK
I192,11,2.272727272727273,1.3483997249264843,1,4,0.09090909090909091,9.090909090909092,1,10.0,0.0,0.0,6.636363636363637,LOW RISK
I193,9,2.3333333333333335,1.3228756555322954,1,2,0.1111111111111111,11.11111111111111,1,10.0,0.0,0.0,7.444444444444445,LOW RISK
I194,6,3.5,1.51657508881031,2,1,0.3333333333333333,33.33333333333333,1,10.0,0.0,0.0,16.333333333333332,LOW RISK
I195,13,3.076923076923077,1.1875421719907087,0,2,0.0,0.0,1,10.0,0.0,0.0,3.0,LOW RISK
I196,8,3.25,1.5811388300841898,2,2,0.25,25.0,1,10.0,0.0,0.0,13.0,LOW RISK
I197,5,2.4,1.6733200530681511,1,2,0.2,20.0,1,10.0,0.0,0.0,11.0,LOW RISK
I198,17,2.8823529411764706,1.536324873731809,4,4,0.23529411764705882,23.52941176470588,1,10.0,0.0,0.0,12.411764705882353,LOW RISK
I199,10,3.6,1.2649110640673518,3,1,0.3,30.0,1,10.0,0.0,0.0,15.0,LOW RISK
I2,12,2.6666666666666665,1.497472618255253,1,4,0.08333333333333333,8.333333333333332,1,10.0,0.0,0.0,6.333333333333333,LOW RISK
I20,11,2.909090909090909,1.4459976109624426,2,2,0.18181818181818182,18.181818181818183,1,10.0,0.0,0.0,10.272727272727273,LOW RISK
I200,14,2.4285714285714284,0.9376144618769908,0,3,0.0,0.0,1,10.0,0.0,0.0,3.0,LOW RISK
I201,8,3.5,1.4142135623730951,3,1,0.375,37.5,1,10.0,0.0,0.0,18.0,LOW RISK
I202,11,3.1818181818181817,1.3280197150781923,2,1,0.18181818181818182,18.181818181818183,1,10.0,0.0,0.0,10.272727272727273,LOW RISK
I203,14,3.5,1.454436184706849,5,2,0.35714285714285715,35.714285714285715,1,10.0,0.0,0.0,17.285714285714285,LOW RISK
I204,15,3.0,1.4142135623730951,2,3,0.13333333333333333,13.333333333333334,1,10.0,0.0,0.0,8.333333333333334,LOW RISK
I205,13,2.769230769230769,1.2351684199496948,1,2,0.07692307692307693,7.6923076923076925,1,10.0,0.0,0.0,6.076923076923077,LOW RISK
I206,8,3.625,1.9226098333849673,5,2,0.625,62.5,1,10.0,0.0,0.0,28.0,LOW RISK
I207,16,3.0625,1.5692354826475214,4,4,0.25,25.0,1,10.0,0.0,0.0,13.0,LOW RISK
I208,9,3.4444444444444446,1.2360330811826103,2,0,0.2222222222222222,22.22222222222222,1,10.0,0.0,0.0,11.88888888888889,LOW RISK
I209,10,3.9,0.9944289260117536,3,0,0.3,30.0,1,10.0,0.0,0.0,15.0,LOW RISK
I21,6,2.6666666666666665,1.632993161855452,1,2,0.16666666666666666,16.666666666666664,1,10.0,0.0,0.0,9.666666666666666,LOW RISK
I210,11,3.1818181818181817,1.4709304414677002,3,2,0.2727272727272727,27.27272727272727,1,10.0,0.0,0.0,13.909090909090908,LOW RISK
I211,10,2.3,0.8232726023485646,0,1,0.0,0.0,1,10.0,0.0,0.0,3.0,LOW RISK
I212,7,1.8571428571428572,1.4638501094227998,1,4,0.14285714285714285,14.285714285714285,1,10.0,0.0,0.0,8.714285714285715,LOW RISK
I213,6,2.3333333333333335,1.3662601021279464,0,2,0.0,0.0,1,10.0,0.0,0.0,3.0,LOW RISK
I214,7,2.2857142857142856,1.2535663410560174,0,3,0.0,0.0,1,10.0,0.0,0.0,3.0,LOW RISK
I215,13,3.5384615384615383,1.3301243435223526,3,1,0.23076923076923078,23.076923076923077,1,10.0,0.0,0.0,12.230769230769232,LOW RISK
I216,12,2.5,1.3816985594155147,2,3,0.16666666666666666,16.666666666666664,1,10.0,0.0,0.0,9.666666666666666,LOW RISK
I217,10,3.9,1.3703203194062976,5,1,0.5,50.0,1,10.0,1.0,12.5,26.75,LOW RISK
I218,5,2.8,1.7888543819998317,1,2,0.2,20.0,1,10.0,0.0,0.0,11.0,LOW RISK
I219,8,3.125,1.6420805617960927,2,2,0.25,25.0,1,10.0,0.0,0.0,13.0,LOW RISK
I22,12,2.6666666666666665,1.8257418583505538,4,5,0.3333333333333333,33.33333333333333,1,10.0,0.0,0.0,16.333333333333332,LOW RISK
I220,13,2.8461538461538463,1.6251232694862383,2,5,0.15384615384615385,15.384615384615385,1,10.0,0.0,0.0,9.153846153846153,LOW RISK
I221,12,3.4166666666666665,1.1645001528813148,2,1,0.16666666666666666,16.666666666666664,1,10.0,0.0,0.0,9.666666666666666,LOW RISK
I222,15,2.8,1.082325538564332,0,2,0.0,0.0,1,10.0,0.0,0.0,3.0,LOW RISK
I223,12,3.25,1.4847711791873706,3,2,0.25,25.0,1,10.0,0.0,0.0,13.0,LOW RISK
I224,10,3.0,1.7638342073763937,3,3,0.3,30.0,1,10.0,0.0,0.0,15.0,LOW RISK
I225,11,2.3636363636363638,1.5015143870590968,1,5,0.09090909090909091,9.090909090909092,1,10.0,0.0,0.0,6.636363636363637,LOW RISK
I226,9,3.2222222222222223,1.0929064207170003,1,1,0.1111111111111111,11.11111111111111,1,10.0,0.0,0.0,7.444444444444445,LOW RISK
I227,11,2.4545454545454546,1.0357254813546264,0,2,0.0,0.0,1,10.0,0.0,0.0,3.0,LOW RISK
I228,10,3.5,1.6499158227686108,4,2,0.4,40.0,1,10.0,0.0,0.0,19.0,LOW RISK
I229,12,3.0833333333333335,1.5050420310248864,2,3,0.16666666666666666,16.666666666666664,1,10.0,0.0,0.0,9.666666666666666,LOW RISK
I23,11,2.090909090909091,0.8312094145936334,0,3,0.0,0.0,1,10.0,0.0,0.0,3.0,LOW RISK
I230,8,3.625,1.1877349391654208,1,1,0.125,12.5,1,10.0,0.0,0.0,8.0,LOW RISK
I231,14,3.0,1.6641005886756874,4,4,0.2857142857142857,28.57142857142857,1,10.0,0.0,0.0,14.428571428571429,LOW RISK
I232,9,3.2222222222222223,1.6414763002993509,3,2,0.3333333333333333,33.33333333333333,1,10.0,0.0,0.0,16.333333333333332,LOW RISK
I233,10,2.7,1.567021236472421,2,3,0.2,20.0,1,10.0,0.0,0.0,11.0,LOW RISK
I234,12,3.25,1.2880570286640685,3,1,0.25,25.0,1,10.0,0.0,0.0,13.0,LOW RISK
I235,11,3.1818181818181817,1.4012980994907414,2,2,0.18181818181818182,18.181818181818183,1,10.0,0.0,0.0,10.272727272727273,LOW RISK
I236,15,3.066666666666667,1.3870146083619752,2,3,0.13333333333333333,13.333333333333334,1,10.0,1.0,12.5,12.083333333333334,LOW RISK
I237,13,3.230769230769231,1.640825308284734,4,3,0.3076923076923077,30.76923076923077,1,10.0,0.0,0.0,15.307692307692308,LOW RISK
I238,11,2.8181818181818183,1.6011359603844901,2,3,0.18181818181818182,18.181818181818183,1,10.0,0.0,0.0,10.272727272727273,LOW RISK
I239,11,2.8181818181818183,1.5374122295716148,2,3,0.18181818181818182,18.181818181818183,1,10.0,0.0,0.0,10.272727272727273,LOW RISK
I24,10,2.6,1.2649110640673518,1,2,0.1,10.0,1,10.0,0.0,0.0,7.0,LOW RISK
I240,7,2.857142857142857,1.7728105208558367,1,3,0.14285714285714285,14.285714285714285,1,10.0,0.0,0.0,8.714285714285715,LOW RISK
I241,11,3.0,1.414213562373095,2,2,0.18181818181818182,18.181818181818183,1,10.0,1.0,12.5,14.022727272727273,LOW RISK
I242,4,2.0,1.4142135623730951,0,2,0.0,0.0,1,10.0,0.0,0.0,3.0,LOW RISK
I243,11,2.1818181818181817,1.2504544628399563,0,5,0.0,0.0,1,10.0,0.0,0.0,3.0,LOW RISK
I244,9,3.3333333333333335,1.224744871391589,2,0,0.2222222222222222,22.22222222222222,1,10.0,0.0,0.0,11.88888888888889,LOW RISK
I245,15,3.2666666666666666,1.709915063331955,5,4,0.3333333333333333,33.33333333333333,1,10.0,0.0,0.0,16.333333333333332,LOW RISK
I246,11,3.272727272727273,1.3483997249264843,3,1,0.2727272727272727,27.27272727272727,1,10.0,0.0,0.0,13.909090909090908,LOW RISK
I247,6,3.8333333333333335,1.1690451944500122,2,0,0.3333333333333333,33.33333333333333,1,10.0,0.0,0.0,16.333333333333332,LOW RISK
I248,10,3.6,1.3498971154211057,3,1,0.3,30.0,1,10.0,0.0,0.0,15.0,LOW RISK
I249,8,3.625,1.407885953173359,3,1,0.375,37.5,1,10.0,0.0,0.0,18.0,LOW RISK
I25,7,3.0,1.1547005383792515,0,1,0.0,0.0,1,10.0,0.0,0.0,3.0,LOW RISK
I250,9,3.7777777777777777,1.3017082793177757,3,1,0.3333333333333333,33.33333333333333,1,10.0,0.0,0.0,16.333333333333332,LOW RISK
I251,16,3.0,1.414213562373095,3,3,0.1875,18.75,1,10.0,0.0,0.0,10.5,LOW RISK
I252,13,2.769230769230769,1.3634420996046583,2,2,0.15384615384615385,15.384615384615385,1,10.0,0.0,0.0,9.153846153846153,LOW RISK
I253,10,2.7,0.9486832980505137,0,1,0.0,0.0,1,10.0,1.0,12.5,6.75,LOW RISK
I254,8,3.25,1.2817398889233114,2,0,0.25,25.0,1,10.0,0.0,0.0,13.0,LOW RISK
I255,6,2.6666666666666665,1.632993161855452,1,2,0.16666666666666666,16.666666666666664,1,10.0,0.0,0.0,9.666666666666666,LOW RISK
I256,6,3.1666666666666665,1.4719601443879744,2,0,0.3333333333333333,33.33333333333333,1,10.0,0.0,0.0,16.333333333333332,LOW RISK
I257,9,3.5555555555555554,1.3333333333333335,3,1,0.3333333333333333,33.33333333333333,1,10.0,0.0,0.0,16.333333333333332,LOW RISK
I258,7,3.2857142857142856,1.1126972805283735,1,0,0.14285714285714285,14.285714285714285,1,10.0,0.0,0.0,8.714285714285715,LOW RISK
I259,7,3.5714285714285716,1.3972762620115438,3,0,0.42857142857142855,42.857142857142854,1,10.0,0.0,0.0,20.142857142857142,LOW RISK
I26,14,3.0714285714285716,1.4392458342578487,2,3,0.14285714285714285,14.285714285714285,1,10.0,0.0,0.0,8.714285714285715,LOW RISK
I260,9,3.2222222222222223,1.3017082793177757,2,1,0.2222222222222222,22.22222222222222,1,10.0,0.0,0.0,11.88888888888889,LOW RISK
I261,7,3.857142857142857,1.0690449676496974,2,0,0.2857142857142857,28.57142857142857,1,10.0,0.0,0.0,14.428571428571429,LOW RISK
I262,13,3.1538461538461537,1.6251232694862385,4,3,0.3076923076923077,30.76923076923077,1,10.0,0.0,0.0,15.307692307692308,LOW RISK
I263,10,2.8,1.3165611772087666,1,2,0.1,10.0,1,10.0,0.0,0.0,7.0,LOW RISK
I264,9,4.333333333333333,0.8660254037844384,5,0,0.5555555555555556,55.55555555555556,1,10.0,0.0,0.0,25.222222222222225,LOW RISK
I265,10,2.4,1.1737877907772674,0,3,0.0,0.0,1,10.0,0.0,0.0,3.0,LOW RISK
I266,11,2.727272727272727,1.1908743922772957,1,2,0.09090909090909091,9.090909090909092,1,10.0,0.0,0.0,6.636363636363637,LOW RISK
I267,8,2.25,1.4880476182856899,1,3,0.125,12.5,1,10.0,0.0,0.0,8.0,LOW RISK
I268,11,3.0,1.3416407864998738,1,2,0.09090909090909091,9.090909090909092,1,10.0,0.0,0.0,6.636363636363637,LOW RISK
I269,11,2.8181818181818183,1.2504544628399563,1,2,0.09090909090909091,9.090909090909092,1,10.0,0.0,0.0,6.636363636363637,LOW RISK
I27,8,3.0,1.0690449676496974,1,0,0.125,12.5,1,10.0,0.0,0.0,8.0,LOW RISK
I270,12,3.5,1.243163121016122,3,1,0.25,25.0,1,10.0,0.0,0.0,13.0,LOW RISK
I271,16,2.9375,1.4361406616345072,4,2,0.25,25.0,1,10.0,0.0,0.0,13.0,LOW RISK
I272,6,4.0,0.6324555320336759,1,0,0.16666666666666666,16.666666666666664,1,10.0,0.0,0.0,9.666666666666666,LOW RISK
I273,12,2.75,1.6583123951776997,3,4,0.25,25.0,1,10.0,0.0,0.0,13.0,LOW RISK
I274,8,3.5,1.1952286093343938,2,0,0.25,25.0,1,10.0,0.0,0.0,13.0,LOW RISK
I275,16,2.9375,1.5692354826475214,4,4,0.25,25.0,1,10.0,0.0,0.0,13.0,LOW RISK
I276,9,3.111111111111111,1.7638342073763935,3,3,0.3333333333333333,33.33333333333333,1,10.0,1.0,12.5,20.083333333333332,LOW RISK
I277,13,2.923076923076923,1.3821202589704018,2,2,0.15384615384615385,15.384615384615385,1,10.0,0.0,0.0,9.153846153846153,LOW RISK
I278,9,2.5555555555555554,1.509230856356236,1,3,0.1111111111111111,11.11111111111111,1,10.0,0.0,0.0,7.444444444444445,LOW RISK
I279,8,3.125,1.1259916264596033,1,0,0.125,12.5,1,10.0,0.0,0.0,8.0,LOW RISK
I28,9,3.111111111111111,1.4529663145135578,1,2,0.1111111111111111,11.11111111111111,1,10.0,0.0,0.0,7.444444444444445,LOW RISK
I280,9,3.4444444444444446,1.6666666666666667,3,2,0.3333333333333333,33.33333333333333,1,10.0,0.0,0.0,16.333333333333332,LOW RISK
I281,11,3.090909090909091,1.044465935734187,1,0,0.09090909090909091,9.090909090909092,1,10.0,0.0,0.0,6.636363636363637,LOW RISK
I282,11,2.727272727272727,1.618079669911781,2,4,0.18181818181818182,18.181818181818183,1,10.0,0.0,0.0,10.272727272727273,LOW RISK
I283,11,3.6363636363636362,1.2060453783110545,3,1,0.2727272727272727,27.27272727272727,1,10.0,0.0,0.0,13.909090909090908,LOW RISK
I284,14,3.4285714285714284,0.9376144618769908,2,0,0.14285714285714285,14.285714285714285,1,10.0,0.0,0.0,8.714285714285715,LOW RISK
I285,7,3.142857142857143,1.3451854182690985,1,1,0.14285714285714285,14.285714285714285,1,10.0,0.0,0.0,8.714285714285715,LOW RISK
I286,14,2.642857142857143,1.499083969380217,3,3,0.21428571428571427,21.428571428571427,1,10.0,0.0,0.0,11.571428571428571,LOW RISK
I287,15,3.1333333333333333,1.4573295865416045,3,3,0.2,20.0,1,10.0,0.0,0.0,11.0,LOW RISK
I288,6,2.8333333333333335,0.983192080250175,0,0,0.0,0.0,1,10.0,0.0,0.0,3.0,LOW RISK
I289,7,3.7142857142857144,1.6035674514745462,3,1,0.42857142857142855,42.857142857142854,1,10.0,0.0,0.0,20.142857142857142,LOW RISK
I29,10,3.0,1.0540925533894598,1,0,0.1,10.0,1,10.0,0.0,0.0,7.0,LOW RISK
I290,10,3.0,1.699673171197595,3,3,0.3,30.0,1,10.0,0.0,0.0,15.0,LOW RISK
I291,4,1.5,0.5773502691896257,0,2,0.0,0.0,1,10.0,0.0,0.0,3.0,LOW RISK
I292,13,2.923076923076923,1.4411533842457842,2,3,0.15384615384615385,15.384615384615385,1,10.0,0.0,0.0,9.153846153846153,LOW RISK
I293,15,3.2666666666666666,1.3345232785352157,3,2,0.2,20.0,1,10.0,1.0,12.5,14.75,LOW RISK
I294,10,3.9,1.3703203194062976,5,1,0.5,50.0,1,10.0,0.0,0.0,23.0,LOW RISK
I295,11,2.727272727272727,1.7372915179041826,3,4,0.2727272727272727,27.27272727272727,1,10.0,0.0,0.0,13.909090909090908,LOW RISK
I296,14,2.642857142857143,1.3926810257774174,2,4,0.14285714285714285,14.285714285714285,1,10.0,0.0,0.0,8.714285714285715,LOW RISK
I297,13,3.1538461538461537,1.1435437497937313,2,1,0.15384615384615385,15.384615384615385,1,10.0,1.0,12.5,12.903846153846153,LOW RISK
I298,13,3.769230769230769,1.2351684199496948,4,1,0.3076923076923077,30.76923076923077,1,10.0,1.0,12.5,19.057692307692307,LOW RISK
I299,12,2.6666666666666665,1.2309149097933272,1,2,0.08333333333333333,8.333333333333332,1,10.0,2.0,25.0,13.833333333333332,LOW RISK
I3,8,3.5,1.5118578920369088,3,1,0.375,37.5,1,10.0,0.0,0.0,18.0,LOW RISK
I30,10,2.7,1.3374935098492586,1,2,0.1,10.0,1,10.0,0.0,0.0,7.0,LOW RISK
I300,15,2.933333333333333,1.4375905768565216,3,3,0.2,20.0,1,10.0,0.0,0.0,11.0,LOW RISK
I301,9,3.888888888888889,1.3642254619787415,4,1,0.4444444444444444,44.44444444444444,1,10.0,0.0,0.0,20.77777777777778,LOW RISK
I302,3,1.6666666666666667,0.5773502691896258,0,1,0.0,0.0,1,10.0,0.0,0.0,3.0,LOW RISK
I303,11,2.8181818181818183,1.537412229571615,2,3,0.18181818181818182,18.181818181818183,1,10.0,0.0,0.0,10.272727272727273,LOW RISK
I304,9,2.3333333333333335,1.4142135623730951,0,4,0.0,0.0,1,10.0,0.0,0.0,3.0,LOW RISK
I305,10,2.9,1.3703203194062976,1,2,0.1,10.0,1,10.0,0.0,0.0,7.0,LOW RISK
I306,10,3.1,1.728840330651992,4,2,0.4,40.0,1,10.0,0.0,0.0,19.0,LOW RISK
I307,12,2.6666666666666665,1.302677894557859,0,3,0.0,0.0,1,10.0,0.0,0.0,3.0,LOW RISK
I308,10,2.9,1.3703203194062976,1,2,0.1,10.0,1,10.0,0.0,0.0,7.0,LOW RISK
I309,20,2.45,1.276302224561664,2,5,0.1,10.0,1,10.0,0.0,0.0,7.0,LOW RISK
I31,14,2.7142857142857144,1.489892687336984,3,3,0.21428571428571427,21.428571428571427,1,10.0,0.0,0.0,11.571428571428571,LOW RISK
I310,8,3.375,1.3024701806293193,1,1,0.125,12.5,1,10.0,0.0,0.0,8.0,LOW RISK
I311,17,3.0588235294117645,1.3906198364081266,3,3,0.17647058823529413,17.647058823529413,1,10.0,0.0,0.0,10.058823529411764,LOW RISK
I312,7,4.285714285714286,0.7559289460184545,3,0,0.42857142857142855,42.857142857142854,1,10.0,0.0,0.0,20.142857142857142,LOW RISK
I313,9,3.4444444444444446,1.4240006242195884,3,1,0.3333333333333333,33.33333333333333,1,10.0,0.0,0.0,16.333333333333332,LOW RISK
I314,11,2.8181818181818183,1.662418829187267,2,4,0.18181818181818182,18.181818181818183,1,10.0,0.0,0.0,10.272727272727273,LOW RISK
I315,7,3.142857142857143,1.864454471471609,3,2,0.42857142857142855,42.857142857142854,1,10.0,0.0,0.0,20.142857142857142,LOW RISK
I316,16,3.3125,1.6620770138594663,6,3,0.375,37.5,1,10.0,0.0,0.0,18.0,LOW RISK
I317,7,2.5714285714285716,1.2724180205607034,1,1,0.14285714285714285,14.285714285714285,1,10.0,0.0,0.0,8.714285714285715,LOW RISK
I318,7,2.5714285714285716,1.618347187425374,1,3,0.14285714285714285,14.285714285714285,1,10.0,0.0,0.0,8.714285714285715,LOW RISK
I319,10,3.3,2.0027758514399734,5,4,0.5,50.0,1,10.0,0.0,0.0,23.0,LOW RISK
I32,16,2.8125,1.42448821218944,3,4,0.1875,18.75,1,10.0,0.0,0.0,10.5,LOW RISK
I320,9,3.888888888888889,1.7638342073763935,6,2,0.6666666666666666,66.66666666666666,1,10.0,0.0,0.0,29.666666666666664,LOW RISK
I321,8,3.75,0.8864052604279183,1,0,0.125,12.5,1,10.0,0.0,0.0,8.0,LOW RISK
I322,7,3.0,0.5773502691896257,0,0,0.0,0.0,1,10.0,0.0,0.0,3.0,LOW RISK
I323,5,3.0,1.8708286933869707,2,1,0.4,40.0,1,10.0,0.0,0.0,19.0,LOW RISK
I324,10,3.7,1.3374935098492586,3,1,0.3,30.0,1,10.0,0.0,0.0,15.0,LOW RISK
I325,10,2.3,1.4181364924121764,1,4,0.1,10.0,1,10.0,0.0,0.0,7.0,LOW RISK
I326,7,3.4285714285714284,1.3972762620115438,1,1,0.14285714285714285,14.285714285714285,1,10.0,0.0,0.0,8.714285714285715,LOW RISK
I327,12,2.3333333333333335,1.556997888323046,2,5,0.16666666666666666,16.666666666666664,1,10.0,1.0,12.5,13.416666666666666,LOW RISK
I328,7,3.4285714285714284,1.5118578920369088,2,1,0.2857142857142857,28.57142857142857,1,10.0,2.0,25.0,21.92857142857143,LOW RISK
I329,8,2.25,1.3887301496588271,0,4,0.0,0.0,1,10.0,0.0,0.0,3.0,LOW RISK
I33,11,4.181818181818182,1.0787197799411874,6,0,0.5454545454545454,54.54545454545454,1,10.0,0.0,0.0,24.818181818181817,LOW RISK
I330,12,3.3333333333333335,1.2309149097933274,2,1,0.16666666666666666,16.666666666666664,1,10.0,0.0,0.0,9.666666666666666,LOW RISK
I331,9,3.888888888888889,0.9279607271383371,2,0,0.2222222222222222,22.22222222222222,1,10.0,0.0,0.0,11.88888888888889,LOW RISK
I332,9,2.4444444444444446,1.5898986690282426,2,3,0.2222222222222222,22.22222222222222,1,10.0,1.0,12.5,15.63888888888889,LOW RISK
I333,10,3.0,1.1547005383792515,1,1,0.1,10.0,1,10.0,0.0,0.0,7.0,LOW RISK
I334,10,2.8,0.9189365834726815,0,1,0.0,0.0,1,10.0,0.0,0.0,3.0,LOW RISK
I335,13,2.6153846153846154,1.4455945454184551,2,4,0.15384615384615385,15.384615384615385,1,10.0,0.0,0.0,9.153846153846153,LOW RISK
I336,6,2.8333333333333335,1.1690451944500122,0,1,0.0,0.0,1,10.0,0.0,0.0,3.0,LOW RISK
I337,10,2.8,1.2292725943057181,0,2,0.0,0.0,1,10.0,0.0,0.0,3.0,LOW RISK
I338,7,3.0,1.4142135623730951,1,1,0.14285714285714285,14.285714285714285,1,10.0,0.0,0.0,8.714285714285715,LOW RISK
I339,9,3.3333333333333335,1.6583123951777,3,2,0.3333333333333333,33.33333333333333,1,10.0,0.0,0.0,16.333333333333332,LOW RISK
I34,7,3.0,2.0,3,3,0.42857142857142855,42.857142857142854,1,10.0,0.0,0.0,20.142857142857142,LOW RISK
I340,9,3.888888888888889,0.927960727138337,3,0,0.3333333333333333,33.33333333333333,1,10.0,0.0,0.0,16.333333333333332,LOW RISK
I341,9,3.0,1.5,1,2,0.1111111111111111,11.11111111111111,1,10.0,1.0,12.5,11.194444444444445,LOW RISK
I342,7,2.5714285714285716,1.5118578920369088,1,2,0.14285714285714285,14.285714285714285,1,10.0,0.0,0.0,8.714285714285715,LOW RISK
I343,9,3.111111111111111,1.536590742882148,2,2,0.2222222222222222,22.22222222222222,1,10.0,0.0,0.0,11.88888888888889,LOW RISK
I344,10,2.9,1.3703203194062976,2,1,0.2,20.0,1,10.0,0.0,0.0,11.0,LOW RISK
I345,11,3.3636363636363638,1.2060453783110545,3,0,0.2727272727272727,27.27272727272727,1,10.0,0.0,0.0,13.909090909090908,LOW RISK
I346,16,2.6875,1.352466881911223,2,4,0.125,12.5,1,10.0,0.0,0.0,8.0,LOW RISK
I347,8,3.5,1.6035674514745464,3,1,0.375,37.5,1,10.0,0.0,0.0,18.0,LOW RISK
I348,13,2.6153846153846154,1.4455945454184551,2,4,0.15384615384615385,15.384615384615385,1,10.0,0.0,0.0,9.153846153846153,LOW RISK
I349,10,2.9,1.5238839267549948,2,2,0.2,20.0,1,10.0,1.0,12.5,14.75,LOW RISK
I35,9,3.7777777777777777,1.3017082793177757,3,1,0.3333333333333333,33.33333333333333,1,10.0,0.0,0.0,16.333333333333332,LOW RISK
I350,17,2.7058823529411766,1.3585242858683526,2,4,0.11764705882352941,11.76470588235294,1,10.0,0.0,0.0,7.705882352941177,LOW RISK
I351,9,3.3333333333333335,1.6583123951777,3,2,0.3333333333333333,33.33333333333333,1,10.0,0.0,0.0,16.333333333333332,LOW RISK
I352,9,3.7777777777777777,1.2018504251546631,3,0,0.3333333333333333,33.33333333333333,1,10.0,0.0,0.0,16.333333333333332,LOW RISK
I353,10,3.0,1.8257418583505538,3,4,0.3,30.0,1,10.0,0.0,0.0,15.0,LOW RISK
I354,8,2.875,1.7268882005337975,2,3,0.25,25.0,1,10.0,0.0,0.0,13.0,LOW RISK
I355,17,2.8823529411764706,1.1663164740528442,2,2,0.11764705882352941,11.76470588235294,1,10.0,0.0,0.0,7.705882352941177,LOW RISK
I356,7,3.7142857142857144,1.2535663410560174,2,0,0.2857142857142857,28.57142857142857,1,10.0,0.0,0.0,14.428571428571429,LOW RISK
I357,16,2.5625,1.3647344063956182,1,5,0.0625,6.25,1,10.0,0.0,0.0,5.5,LOW RISK
I358,3,2.0,0.0,0,0,0.0,0.0,1,10.0,0.0,0.0,3.0,LOW RISK
I359,12,2.5833333333333335,0.996204919895622,0,2,0.0,0.0,1,10.0,0.0,0.0,3.0,LOW RISK
I36,7,2.857142857142857,1.7728105208558367,2,2,0.2857142857142857,28.57142857142857,1,10.0,0.0,0.0,14.428571428571429,LOW RISK
I360,10,2.4,1.429840705968481,1,3,0.1,10.0,1,10.0,0.0,0.0,7.0,LOW RISK
I361,11,2.727272727272727,1.4206272622267315,2,2,0.18181818181818182,18.181818181818183,1,10.0,0.0,0.0,10.272727272727273,LOW RISK
I362,7,3.2857142857142856,1.7043362064926932,2,2,0.2857142857142857,28.57142857142857,1,10.0,0.0,0.0,14.428571428571429,LOW RISK
I363,14,2.5714285714285716,1.4525460784051258,2,4,0.14285714285714285,14.285714285714285,1,10.0,0.0,0.0,8.714285714285715,LOW RISK
I364,8,2.25,1.7525491637693282,2,4,0.25,25.0,1,10.0,0.0,0.0,13.0,LOW RISK
I365,10,3.5,1.35400640077266,3,1,0.3,30.0,1,10.0,0.0,0.0,15.0,LOW RISK
I366,14,2.7857142857142856,1.5281246137553166,3,3,0.21428571428571427,21.428571428571427,1,10.0,0.0,0.0,11.571428571428571,LOW RISK
I367,12,2.5833333333333335,1.6764862244009227,3,4,0.25,25.0,1,10.0,0.0,0.0,13.0,LOW RISK
I368,14,2.142857142857143,1.0994504121565505,0,5,0.0,0.0,1,10.0,0.0,0.0,3.0,LOW RISK
I369,9,3.2222222222222223,1.5634719199411429,3,1,0.3333333333333333,33.33333333333333,1,10.0,0.0,0.0,16.333333333333332,LOW RISK
I37,13,2.6923076923076925,1.702185623672077,4,4,0.3076923076923077,30.76923076923077,1,10.0,0.0,0.0,15.307692307692308,LOW RISK
I370,16,2.875,1.3102162671355697,1,3,0.0625,6.25,1,10.0,1.0,12.5,9.25,LOW RISK
I371,10,2.7,1.636391694484477,3,2,0.3,30.0,1,10.0,0.0,0.0,15.0,LOW RISK
I372,11,2.727272727272727,1.6787441193290351,2,4,0.18181818181818182,18.181818181818183,1,10.0,0.0,0.0,10.272727272727273,LOW RISK
I373,15,2.533333333333333,1.2459458063579458,1,3,0.06666666666666667,6.666666666666667,1,10.0,1.0,12.5,9.416666666666668,LOW RISK
I374,9,2.6666666666666665,1.6583123951777,2,3,0.2222222222222222,22.22222222222222,1,10.0,0.0,0.0,11.88888888888889,LOW RISK
I375,7,2.857142857142857,1.3451854182690985,1,1,0.14285714285714285,14.285714285714285,1,10.0,0.0,0.0,8.714285714285715,LOW RISK
I376,9,3.3333333333333335,1.4142135623730951,2,1,0.2222222222222222,22.22222222222222,1,10.0,0.0,0.0,11.88888888888889,LOW RISK
I377,10,2.4,1.429840705968481,1,4,0.1,10.0,1,10.0,0.0,0.0,7.0,LOW RISK
I378,11,3.0,1.9493588689617927,5,4,0.45454545454545453,45.45454545454545,1,10.0,0.0,0.0,21.181818181818183,LOW RISK
I379,6,3.3333333333333335,1.632993161855452,2,1,0.3333333333333333,33.33333333333333,1,10.0,0.0,0.0,16.333333333333332,LOW RISK
I38,10,2.5,1.509230856356236,1,4,0.1,10.0,1,10.0,0.0,0.0,7.0,LOW RISK
I380,6,3.5,1.0488088481701516,1,0,0.16666666666666666,16.666666666666664,1,10.0,0.0,0.0,9.666666666666666,LOW RISK
I381,12,3.1666666666666665,1.5275252316519468,3,2,0.25,25.0,1,10.0,0.0,0.0,13.0,LOW RISK
I382,10,3.1,1.3703203194062976,2,1,0.2,20.0,1,10.0,0.0,0.0,11.0,LOW RISK
I383,14,3.142857142857143,1.4600918230947437,2,3,0.14285714285714285,14.285714285714285,1,10.0,0.0,0.0,8.714285714285715,LOW RISK
I384,12,3.0,1.414213562373095,3,1,0.25,25.0,1,10.0,1.0,12.5,16.75,LOW RISK
I385,14,3.142857142857143,1.4600918230947435,3,2,0.21428571428571427,21.428571428571427,1,10.0,0.0,0.0,11.571428571428571,LOW RISK
I386,7,2.857142857142857,1.4638501094227998,0,2,0.0,0.0,1,10.0,0.0,0.0,3.0,LOW RISK
I387,8,3.75,1.4880476182856899,3,1,0.375,37.5,1,10.0,0.0,0.0,18.0,LOW RISK
I388,11,3.272727272727273,1.7372915179041823,4,3,0.36363636363636365,36.36363636363637,1,10.0,0.0,0.0,17.545454545454547,LOW RISK
I389,12,2.9166666666666665,1.3113721705515067,2,1,0.16666666666666666,16.666666666666664,1,10.0,0.0,0.0,9.666666666666666,LOW RISK
I39,5,2.8,1.6431676725154984,1,1,0.2,20.0,1,10.0,0.0,0.0,11.0,LOW RISK
I390,9,2.888888888888889,1.3642254619787417,1,1,0.1111111111111111,11.11111111111111,1,10.0,0.0,0.0,7.444444444444445,LOW RISK
I391,7,2.5714285714285716,1.1338934190276817,0,1,0.0,0.0,1,10.0,0.0,0.0,3.0,LOW RISK
I392,16,2.875,1.6278820596099708,4,5,0.25,25.0,1,10.0,0.0,0.0,13.0,LOW RISK
I393,11,2.727272727272727,1.6787441193290353,3,3,0.2727272727272727,27.27272727272727,1,10.0,0.0,0.0,13.909090909090908,LOW RISK
I394,11,3.3636363636363638,1.689540012709215,5,2,0.45454545454545453,45.45454545454545,1,10.0,0.0,0.0,21.181818181818183,LOW RISK
I395,10,3.7,1.4181364924121764,4,1,0.4,40.0,1,10.0,0.0,0.0,19.0,LOW RISK
I396,8,2.125,1.4577379737113252,1,4,0.125,12.5,1,10.0,0.0,0.0,8.0,LOW RISK
I397,8,2.25,1.2817398889233114,0,3,0.0,0.0,1,10.0,0.0,0.0,3.0,LOW RISK
I398,11,2.909090909090909,1.4459976109624424,2,2,0.18181818181818182,18.181818181818183,1,10.0,0.0,0.0,10.272727272727273,LOW RISK
I399,10,3.0,1.4907119849998598,3,1,0.3,30.0,1,10.0,0.0,0.0,15.0,LOW RISK
I4,10,3.6,1.1737877907772674,3,0,0.3,30.0,1,10.0,0.0,0.0,15.0,LOW RISK
I40,13,2.6153846153846154,1.1929278784054478,1,3,0.07692307692307693,7.6923076923076925,1,10.0,0.0,0.0,6.076923076923077,LOW RISK
I400,14,3.2857142857142856,1.489892687336984,4,2,0.2857142857142857,28.57142857142857,1,10.0,0.0,0.0,14.428571428571429,LOW RISK
I401,3,2.6666666666666665,1.1547005383792517,0,0,0.0,0.0,1,10.0,0.0,0.0,3.0,LOW RISK
I402,5,3.2,1.7888543819998317,2,1,0.4,40.0,1,10.0,0.0,0.0,19.0,LOW RISK
I403,18,3.2222222222222223,1.2153699778283713,3,1,0.16666666666666666,16.666666666666664,1,10.0,0.0,0.0,9.666666666666666,LOW RISK
I404,11,3.0,1.5491933384829668,2,3,0.18181818181818182,18.181818181818183,1,10.0,0.0,0.0,10.272727272727273,LOW RISK
I405,4,2.75,2.0615528128088303,1,2,0.25,25.0,1,10.0,0.0,0.0,13.0,LOW RISK
I406,9,2.5555555555555554,1.130388330520878,1,1,0.1111111111111111,11.11111111111111,1,10.0,1.0,12.5,11.194444444444445,LOW RISK
I407,9,2.3333333333333335,1.414213562373095,0,4,0.0,0.0,1,10.0,0.0,0.0,3.0,LOW RISK
I408,13,3.769230769230769,1.2351684199496946,5,0,0.38461538461538464,38.46153846153847,1,10.0,0.0,0.0,18.384615384615387,LOW RISK
I409,13,3.0,1.0,1,1,0.07692307692307693,7.6923076923076925,1,10.0,0.0,0.0,6.076923076923077,LOW RISK
I41,8,3.125,1.4577379737113252,2,1,0.25,25.0,1,10.0,0.0,0.0,13.0,LOW RISK
I410,13,3.4615384615384617,1.6641005886756874,5,3,0.38461538461538464,38.46153846153847,1,10.0,0.0,0.0,18.384615384615387,LOW RISK
I411,7,3.142857142857143,1.5735915849388864,2,1,0.2857142857142857,28.57142857142857,1,10.0,0.0,0.0,14.428571428571429,LOW RISK
I412,6,3.1666666666666665,1.3291601358251257,1,0,0.16666666666666666,16.666666666666664,1,10.0,0.0,0.0,9.666666666666666,LOW RISK
I413,11,2.909090909090909,1.300349603340998,2,2,0.18181818181818182,18.181818181818183,1,10.0,1.0,12.5,14.022727272727273,LOW RISK
I414,9,2.6666666666666665,1.118033988749895,1,1,0.1111111111111111,11.11111111111111,1,10.0,0.0,0.0,7.444444444444445,LOW RISK
I415,8,3.5,1.5118578920369088,3,1,0.375,37.5,1,10.0,0.0,0.0,18.0,LOW RISK
I416,7,3.142857142857143,1.6761634196950517,2,2,0.2857142857142857,28.57142857142857,1,10.0,0.0,0.0,14.428571428571429,LOW RISK
I417,6,2.8333333333333335,1.7224014243685086,1,2,0.16666666666666666,16.666666666666664,1,10.0,0.0,0.0,9.666666666666666,LOW RISK
I418,11,2.3636363636363638,0.9244162777371754,0,2,0.0,0.0,1,10.0,0.0,0.0,3.0,LOW RISK
I419,13,3.769230769230769,1.3634420996046583,6,0,0.46153846153846156,46.15384615384615,1,10.0,0.0,0.0,21.461538461538463,LOW RISK
I42,12,3.0,1.4142135623730951,2,2,0.16666666666666666,16.666666666666664,1,10.0,0.0,0.0,9.666666666666666,LOW RISK
I420,8,4.0,1.3093073414159542,4,0,0.5,50.0,1,10.0,0.0,0.0,23.0,LOW RISK
I421,13,3.076923076923077,1.4411533842457842,3,2,0.23076923076923078,23.076923076923077,1,10.0,0.0,0.0,12.230769230769232,LOW RISK
I422,9,3.0,1.5811388300841898,2,2,0.2222222222222222,22.22222222222222,1,10.0,0.0,0.0,11.88888888888889,LOW RISK
I423,6,3.6666666666666665,1.7511900715418263,3,1,0.5,50.0,1,10.0,0.0,0.0,23.0,LOW RISK
I424,14,3.0714285714285716,1.6391501416322993,4,4,0.2857142857142857,28.57142857142857,1,10.0,1.0,12.5,18.17857142857143,LOW RISK
I425,13,2.769230769230769,1.4232501627054275,1,4,0.07692307692307693,7.6923076923076925,1,10.0,0.0,0.0,6.076923076923077,LOW RISK
I426,6,2.5,1.760681686165901,1,3,0.16666666666666666,16.666666666666664,1,10.0,0.0,0.0,9.666666666666666,LOW RISK
I427,14,2.2142857142857144,1.3688047244316384,1,6,0.07142857142857142,7.142857142857142,1,10.0,0.0,0.0,5.857142857142858,LOW RISK
I428,8,3.375,1.5059406173077154,2,1,0.25,25.0,1,10.0,0.0,0.0,13.0,LOW RISK
I429,9,3.7777777777777777,0.97182531580755,2,0,0.2222222222222222,22.22222222222222,1,10.0,0.0,0.0,11.88888888888889,LOW RISK
I43,9,3.888888888888889,1.452966314513558,5,0,0.5555555555555556,55.55555555555556,1,10.0,0.0,0.0,25.222222222222225,LOW RISK
I430,12,3.1666666666666665,1.5275252316519468,3,3,0.25,25.0,1,10.0,0.0,0.0,13.0,LOW RISK
I431,8,3.0,1.1952286093343936,1,1,0.125,12.5,1,10.0,0.0,0.0,8.0,LOW RISK
I432,5,3.2,1.3038404810405297,1,0,0.2,20.0,1,10.0,0.0,0.0,11.0,LOW RISK
I433,9,2.5555555555555554,1.4240006242195884,0,3,0.0,0.0,1,10.0,0.0,0.0,3.0,LOW RISK
I434,10,2.5,1.6499158227686108,2,4,0.2,20.0,1,10.0,0.0,0.0,11.0,LOW RISK
I435,10,3.0,1.0540925533894598,1,1,0.1,10.0,1,10.0,0.0,0.0,7.0,LOW RISK
I436,6,2.6666666666666665,1.505545305418162,1,2,0.16666666666666666,16.666666666666664,1,10.0,0.0,0.0,9.666666666666666,LOW RISK
I437,7,2.857142857142857,1.5735915849388864,1,2,0.14285714285714285,14.285714285714285,1,10.0,0.0,0.0,8.714285714285715,LOW RISK
I438,11,2.727272727272727,1.1908743922772957,1,2,0.09090909090909091,9.090909090909092,1,10.0,0.0,0.0,6.636363636363637,LOW RISK
I439,6,3.0,1.4142135623730951,1,1,0.16666666666666666,16.666666666666664,1,10.0,0.0,0.0,9.666666666666666,LOW RISK
I44,6,3.8333333333333335,0.9831920802501751,2,0,0.3333333333333333,33.33333333333333,1,10.0,0.0,0.0,16.333333333333332,LOW RISK
I440,13,3.076923076923077,1.1151635501529555,0,1,0.0,0.0,1,10.0,0.0,0.0,3.0,LOW RISK
I441,6,2.6666666666666665,1.632993161855452,1,2,0.16666666666666666,16.666666666666664,1,10.0,0.0,0.0,9.666666666666666,LOW RISK
I442,12,4.0,1.2792042981336627,6,1,0.5,50.0,1,10.0,1.0,12.5,26.75,LOW RISK
I443,9,2.6666666666666665,1.4142135623730951,0,3,0.0,0.0,1,10.0,0.0,0.0,3.0,LOW RISK
I444,7,3.5714285714285716,1.8126539343499317,3,2,0.42857142857142855,42.857142857142854,1,10.0,0.0,0.0,20.142857142857142,LOW RISK
I445,5,3.0,1.5811388300841898,1,1,0.2,20.0,1,10.0,0.0,0.0,11.0,LOW RISK
I446,8,3.25,1.2817398889233114,1,1,0.125,12.5,1,10.0,0.0,0.0,8.0,LOW RISK
I447,11,3.272727272727273,1.4206272622267315,3,1,0.2727272727272727,27.27272727272727,1,10.0,0.0,0.0,13.909090909090908,LOW RISK
I448,4,2.75,2.0615528128088303,1,2,0.25,25.0,1,10.0,0.0,0.0,13.0,LOW RISK
I449,11,3.6363636363636362,1.5666989036012804,5,2,0.45454545454545453,45.45454545454545,1,10.0,0.0,0.0,21.181818181818183,LOW RISK
I45,12,2.6666666666666665,1.4354811251305468,2,3,0.16666666666666666,16.666666666666664,1,10.0,0.0,0.0,9.666666666666666,LOW RISK
I450,10,1.6,0.6992058987801011,0,5,0.0,0.0,1,10.0,0.0,0.0,3.0,LOW RISK
I451,5,3.8,1.3038404810405297,2,0,0.4,40.0,1,10.0,0.0,0.0,19.0,LOW RISK
I452,11,2.6363636363636362,1.5015143870590968,2,3,0.18181818181818182,18.181818181818183,1,10.0,0.0,0.0,10.272727272727273,LOW RISK
I453,15,2.7333333333333334,1.3870146083619754,2,4,0.13333333333333333,13.333333333333334,1,10.0,0.0,0.0,8.333333333333334,LOW RISK
I454,18,2.7222222222222223,1.487420014875958,2,6,0.1111111111111111,11.11111111111111,1,10.0,0.0,0.0,7.444444444444445,LOW RISK
I455,8,3.5,1.5118578920369088,3,1,0.375,37.5,1,10.0,0.0,0.0,18.0,LOW RISK
I456,13,2.923076923076923,1.3204505835470495,1,2,0.07692307692307693,7.6923076923076925,1,10.0,0.0,0.0,6.076923076923077,LOW RISK
I457,4,1.25,0.5,0,3,0.0,0.0,1,10.0,0.0,0.0,3.0,LOW RISK
I458,9,3.4444444444444446,1.5898986690282426,3,2,0.3333333333333333,33.33333333333333,1,10.0,0.0,0.0,16.333333333333332,LOW RISK
I459,8,3.25,1.0350983390135313,1,0,0.125,12.5,1,10.0,0.0,0.0,8.0,LOW RISK
I46,9,2.5555555555555554,0.881917103688197,0,0,0.0,0.0,1,10.0,0.0,0.0,3.0,LOW RISK
I460,12,3.25,1.2154310870109941,2,1,0.16666666666666666,16.666666666666664,1,10.0,1.0,12.5,13.416666666666666,LOW RISK
I461,8,3.0,1.6035674514745464,2,2,0.25,25.0,1,10.0,0.0,0.0,13.0,LOW RISK
I462,6,2.8333333333333335,1.6020819787597222,1,2,0.16666666666666666,16.666666666666664,1,10.0,0.0,0.0,9.666666666666666,LOW RISK
I463,7,2.142857142857143,1.0690449676496976,0,2,0.0,0.0,1,10.0,0.0,0.0,3.0,LOW RISK
I464,10,2.6,1.429840705968481,1,3,0.1,10.0,1,10.0,0.0,0.0,7.0,LOW RISK
I465,2,3.0,1.4142135623730951,0,0,0.0,0.0,1,10.0,0.0,0.0,3.0,LOW RISK
I466,10,2.8,1.3165611772087666,2,1,0.2,20.0,1,10.0,0.0,0.0,11.0,LOW RISK
I467,7,3.5714285714285716,1.8126539343499315,4,1,0.5714285714285714,57.14285714285714,1,10.0,0.0,0.0,25.857142857142858,LOW RISK
I468,12,3.0,1.348399724926484,2,2,0.16666666666666666,16.666666666666664,1,10.0,0.0,0.0,9.666666666666666,LOW RISK
I469,12,3.75,1.0552897060221726,3,0,0.25,25.0,1,10.0,0.0,0.0,13.0,LOW RISK
I47,15,2.6666666666666665,1.4960264830861913,3,4,0.2,20.0,1,10.0,0.0,0.0,11.0,LOW RISK
I470,16,2.875,1.3102162671355697,2,3,0.125,12.5,1,10.0,0.0,0.0,8.0,LOW RISK
I471,3,3.0,1.7320508075688772,0,1,0.0,0.0,1,10.0,0.0,0.0,3.0,LOW RISK
I472,15,2.3333333333333335,1.3451854182690985,1,6,0.06666666666666667,6.666666666666667,1,10.0,0.0,0.0,5.666666666666667,LOW RISK
I473,7,2.4285714285714284,1.2724180205607034,0,2,0.0,0.0,1,10.0,0.0,0.0,3.0,LOW RISK
I474,12,3.5,1.381698559415515,4,1,0.3333333333333333,33.33333333333333,1,10.0,0.0,0.0,16.333333333333332,LOW RISK
I475,7,3.5714285714285716,1.618347187425374,3,1,0.42857142857142855,42.857142857142854,1,10.0,0.0,0.0,20.142857142857142,LOW RISK
I476,6,4.166666666666667,1.602081978759722,4,1,0.6666666666666666,66.66666666666666,1,10.0,0.0,0.0,29.666666666666664,LOW RISK
I477,12,3.0833333333333335,1.4433756729740645,2,2,0.16666666666666666,16.666666666666664,1,10.0,0.0,0.0,9.666666666666666,LOW RISK
I478,7,2.142857142857143,1.6761634196950517,1,4,0.14285714285714285,14.285714285714285,1,10.0,0.0,0.0,8.714285714285715,LOW RISK
I479,8,3.125,1.4577379737113252,2,1,0.25,25.0,1,10.0,0.0,0.0,13.0,LOW RISK
I48,12,2.5833333333333335,1.3113721705515065,1,3,0.08333333333333333,8.333333333333332,1,10.0,1.0,12.5,10.083333333333332,LOW RISK
I480,13,2.6923076923076925,1.3155870289605438,2,2,0.15384615384615385,15.384615384615385,1,10.0,0.0,0.0,9.153846153846153,LOW RISK
I481,7,3.142857142857143,1.3451854182690985,1,1,0.14285714285714285,14.285714285714285,1,10.0,0.0,0.0,8.714285714285715,LOW RISK
I482,9,3.0,1.4142135623730951,1,2,0.1111111111111111,11.11111111111111,1,10.0,0.0,0.0,7.444444444444445,LOW RISK
I483,13,3.3076923076923075,1.5483655567842813,4,3,0.3076923076923077,30.76923076923077,1,10.0,0.0,0.0,15.307692307692308,LOW RISK
I484,13,3.230769230769231,1.5892265495016833,4,2,0.3076923076923077,30.76923076923077,1,10.0,0.0,0.0,15.307692307692308,LOW RISK
I485,4,2.5,1.9148542155126762,1,2,0.25,25.0,1,10.0,0.0,0.0,13.0,LOW RISK
I486,12,3.4166666666666665,1.5642792899510298,5,1,0.4166666666666667,41.66666666666667,1,10.0,0.0,0.0,19.666666666666668,LOW RISK
I487,12,3.1666666666666665,1.2673044646258476,2,1,0.16666666666666666,16.666666666666664,1,10.0,1.0,12.5,13.416666666666666,LOW RISK
I488,10,2.1,1.1972189997378646,1,3,0.1,10.0,1,10.0,0.0,0.0,7.0,LOW RISK
I489,8,3.0,1.6903085094570334,3,1,0.375,37.5,1,10.0,0.0,0.0,18.0,LOW RISK
I49,12,3.5,1.5666989036012806,3,3,0.25,25.0,1,10.0,0.0,0.0,13.0,LOW RISK
I490,8,3.625,1.407885953173359,3,1,0.375,37.5,1,10.0,0.0,0.0,18.0,LOW RISK
I491,10,3.2,1.3165611772087666,2,1,0.2,20.0,1,10.0,0.0,0.0,11.0,LOW RISK
I492,11,3.727272727272727,1.3483997249264843,4,1,0.36363636363636365,36.36363636363637,1,10.0,0.0,0.0,17.545454545454547,LOW RISK
I493,10,2.7,1.1595018087284057,0,2,0.0,0.0,1,10.0,0.0,0.0,3.0,LOW RISK
I494,14,2.0714285714285716,1.3280573269766118,1,7,0.07142857142857142,7.142857142857142,1,10.0,0.0,0.0,5.857142857142858,LOW RISK
I495,10,2.6,1.1737877907772671,0,2,0.0,0.0,1,10.0,0.0,0.0,3.0,LOW RISK
I496,20,2.85,1.5985190514644287,5,6,0.25,25.0,1,10.0,0.0,0.0,13.0,LOW RISK
I497,11,2.727272727272727,1.4206272622267313,1,3,0.09090909090909091,9.090909090909092,1,10.0,0.0,0.0,6.636363636363637,LOW RISK
I498,9,2.0,1.118033988749895,0,4,0.0,0.0,1,10.0,0.0,0.0,3.0,LOW RISK
I499,9,3.5555555555555554,1.5898986690282426,4,1,0.4444444444444444,44.44444444444444,1,10.0,1.0,12.5,24.52777777777778,LOW RISK
I5,10,2.4,0.9660917830792958,0,2,0.0,0.0,1,10.0,0.0,0.0,3.0,LOW RISK
I50,14,3.4285714285714284,1.3424596091494903,3,1,0.21428571428571427,21.428571428571427,1,10.0,0.0,0.0,11.571428571428571,LOW RISK
I51,11,2.6363636363636362,1.2862913567871994,1,2,0.09090909090909091,9.090909090909092,1,10.0,1.0,12.5,10.386363636363637,LOW RISK
I52,15,2.466666666666667,1.2459458063579458,1,4,0.06666666666666667,6.666666666666667,1,10.0,0.0,0.0,5.666666666666667,LOW RISK
I53,3,3.0,1.0,0,0,0.0,0.0,1,10.0,0.0,0.0,3.0,LOW RISK
I54,10,2.4,1.2649110640673518,0,3,0.0,0.0,1,10.0,0.0,0.0,3.0,LOW RISK
I55,11,2.6363636363636362,1.6292775867068985,2,4,0.18181818181818182,18.181818181818183,1,10.0,0.0,0.0,10.272727272727273,LOW RISK
I56,16,3.1875,1.6418993066973788,5,4,0.3125,31.25,1,10.0,0.0,0.0,15.5,LOW RISK
I57,8,3.75,1.3887301496588271,3,1,0.375,37.5,1,10.0,0.0,0.0,18.0,LOW RISK
I58,13,3.3846153846153846,1.325296290046213,2,2,0.15384615384615385,15.384615384615385,1,10.0,0.0,0.0,9.153846153846153,LOW RISK
I59,5,4.0,1.224744871391589,2,0,0.4,40.0,1,10.0,0.0,0.0,19.0,LOW RISK
I6,16,2.8125,1.6007810593582121,4,4,0.25,25.0,1,10.0,0.0,0.0,13.0,LOW RISK
I60,14,2.4285714285714284,1.3985864135061359,2,5,0.14285714285714285,14.285714285714285,1,10.0,0.0,0.0,8.714285714285715,LOW RISK
I61,8,2.25,1.164964745021435,0,2,0.0,0.0,1,10.0,0.0,0.0,3.0,LOW RISK
I62,7,2.857142857142857,1.3451854182690985,1,1,0.14285714285714285,14.285714285714285,1,10.0,0.0,0.0,8.714285714285715,LOW RISK
I63,7,3.142857142857143,2.0354009783964297,3,3,0.42857142857142855,42.857142857142854,1,10.0,0.0,0.0,20.142857142857142,LOW RISK
I64,13,2.8461538461538463,1.4632243987255136,3,2,0.23076923076923078,23.076923076923077,1,10.0,0.0,0.0,12.230769230769232,LOW RISK
I65,11,3.1818181818181817,1.4709304414677,3,1,0.2727272727272727,27.27272727272727,1,10.0,0.0,0.0,13.909090909090908,LOW RISK
I66,8,3.625,1.3024701806293193,3,0,0.375,37.5,1,10.0,0.0,0.0,18.0,LOW RISK
I67,16,2.0,1.2649110640673518,1,7,0.0625,6.25,1,10.0,0.0,0.0,5.5,LOW RISK
I68,12,3.0,1.5374122295716146,2,3,0.16666666666666666,16.666666666666664,1,10.0,0.0,0.0,9.666666666666666,LOW RISK
I69,8,3.25,1.4880476182856899,2,1,0.25,25.0,1,10.0,0.0,0.0,13.0,LOW RISK
I7,7,3.2857142857142856,1.3801311186847083,2,0,0.2857142857142857,28.57142857142857,1,10.0,0.0,0.0,14.428571428571429,LOW RISK
I70,9,2.6666666666666665,1.4142135623730951,1,2,0.1111111111111111,11.11111111111111,1,10.0,0.0,0.0,7.444444444444445,LOW RISK
I71,10,1.9,1.286683937707919,0,6,0.0,0.0,1,10.0,0.0,0.0,3.0,LOW RISK
I72,9,3.888888888888889,1.3642254619787417,4,1,0.4444444444444444,44.44444444444444,1,10.0,0.0,0.0,20.77777777777778,LOW RISK
I73,13,3.3076923076923075,1.702185623672077,5,3,0.38461538461538464,38.46153846153847,1,10.0,1.0,12.5,22.134615384615387,LOW RISK
I74,8,3.25,1.4880476182856899,2,1,0.25,25.0,1,10.0,0.0,0.0,13.0,LOW RISK
I75,14,2.642857142857143,1.691933025458562,4,5,0.2857142857142857,28.57142857142857,1,10.0,0.0,0.0,14.428571428571429,LOW RISK
I76,10,1.8,1.3165611772087666,1,6,0.1,10.0,1,10.0,0.0,0.0,7.0,LOW RISK
I77,10,3.3,1.4944341180973264,3,1,0.3,30.0,1,10.0,0.0,0.0,15.0,LOW RISK
I78,9,3.2222222222222223,1.7159383568311668,3,2,0.3333333333333333,33.33333333333333,1,10.0,0.0,0.0,16.333333333333332,LOW RISK
I79,6,3.0,1.6733200530681511,1,2,0.16666666666666666,16.666666666666664,1,10.0,0.0,0.0,9.666666666666666,LOW RISK
I8,8,3.375,1.7677669529663687,4,1,0.5,50.0,1,10.0,0.0,0.0,23.0,LOW RISK
I80,14,3.357142857142857,1.549547966698321,5,2,0.35714285714285715,35.714285714285715,1,10.0,0.0,0.0,17.285714285714285,LOW RISK
I81,15,3.2666666666666666,1.3870146083619752,3,2,0.2,20.0,1,10.0,0.0,0.0,11.0,LOW RISK
I82,9,3.3333333333333335,1.414213562373095,3,0,0.3333333333333333,33.33333333333333,1,10.0,0.0,0.0,16.333333333333332,LOW RISK
I83,15,2.8666666666666667,1.245945806357946,2,2,0.13333333333333333,13.333333333333334,1,10.0,0.0,0.0,8.333333333333334,LOW RISK
I84,8,3.0,1.6035674514745464,2,2,0.25,25.0,1,10.0,0.0,0.0,13.0,LOW RISK
I85,9,3.2222222222222223,1.3944333775567925,2,1,0.2222222222222222,22.22222222222222,1,10.0,0.0,0.0,11.88888888888889,LOW RISK
I86,7,2.4285714285714284,1.3972762620115438,1,2,0.14285714285714285,14.285714285714285,1,10.0,1.0,12.5,12.464285714285715,LOW RISK
I87,12,2.8333333333333335,1.4668044012461756,2,3,0.16666666666666666,16.666666666666664,1,10.0,0.0,0.0,9.666666666666666,LOW RISK
I88,12,2.6666666666666665,1.3026778945578592,1,2,0.08333333333333333,8.333333333333332,1,10.0,1.0,12.5,10.083333333333332,LOW RISK
I89,8,2.375,1.4078859531733587,1,3,0.125,12.5,1,10.0,0.0,0.0,8.0,LOW RISK
I9,8,2.875,1.246423454758225,1,1,0.125,12.5,1,10.0,0.0,0.0,8.0,LOW RISK
I90,12,2.4166666666666665,1.3113721705515065,0,4,0.0,0.0,1,10.0,0.0,0.0,3.0,LOW RISK
I91,7,2.857142857142857,1.3451854182690985,1,1,0.14285714285714285,14.285714285714285,1,10.0,0.0,0.0,8.714285714285715,LOW RISK
I92,14,2.7142857142857144,1.5898026693500447,3,4,0.21428571428571427,21.428571428571427,1,10.0,0.0,0.0,11.571428571428571,LOW RISK
I93,8,2.875,1.3562026818605377,1,1,0.125,12.5,1,10.0,0.0,0.0,8.0,LOW RISK
I94,11,3.1818181818181817,1.662418829187267,3,3,0.2727272727272727,27.27272727272727,1,10.0,0.0,0.0,13.909090909090908,LOW RISK
I95,13,3.230769230769231,1.5892265495016833,3,3,0.23076923076923078,23.076923076923077,1,10.0,0.0,0.0,12.230769230769232,LOW RISK
I96,5,3.0,1.5811388300841898,1,1,0.2,20.0,1,10.0,0.0,0.0,11.0,LOW RISK
I97,9,2.5555555555555554,1.2360330811826103,0,2,0.0,0.0,1,10.0,0.0,0.0,3.0,LOW RISK
I98,11,3.3636363636363638,1.3618169680781094,3,1,0.2727272727272727,27.27272727272727,1,10.0,0.0,0.0,13.909090909090908,LOW RISK
I99,8,3.0,1.3093073414159542,1,1,0.125,12.5,1,10.0,0.0,0.0,8.0,LOW RISK
